,USERNAME,RESTAURANT,RATING
0,user_01_abc,Page 3,3.8
1,user_01_abc,Subhash Sweets,2.6
2,user_01_abc,Annapurna Sweets,2.7
3,user_01_abc,Froozo,5.0
4,user_01_abc,Drunch - Skyotel,4.5
5,user_01_abc,Nawabi Castle,5.0
6,user_01_abc,The Mughal Taj,3.7
7,user_01_abc,Royale Zayka,3.4
8,user_01_abc,Healthy Panda,4.6
9,user_01_abc,Chinese Express,5.0
10,user_02_abc,On High - Hotel Silvete,3.3
11,user_02_abc,Bawarchi Pure Veg,5.0
12,user_02_abc,Khanna Food Point,3.7
13,user_02_abc,Trinkster,3.9
14,user_02_abc,The Vegi Hub,3.7
15,user_02_abc,Grill Inn,3.5
16,user_02_abc,Radhey Lal Premium Sweets,2.9
17,user_02_abc,Kalika Choolha,5.0
18,user_02_abc,Spice Garden,4.1
19,user_02_abc,Jannat-Dayal Paradise,3.0
20,user_03_abc,WAFL CafÃÂ©,3.1
21,user_03_abc,Handi Fine Dine and Family Restaurant,5.0
22,user_03_abc,Sardar Ji Ke Mashoor Chole Bhature,3.5
23,user_03_abc,Khatir Restaurant,3.1
24,user_03_abc,Afghani Veg Non-Veg Corner,4.3
25,user_03_abc,Sahu Kathi Chicken Egg Roll Wala,3.8
26,user_03_abc,Laddoo Chanakya,3.1
27,user_03_abc,"Acacia - Biriyani, Kebabs & Wraps",2.8
28,user_03_abc,House Of Waffles,4.5
29,user_03_abc,Daal Chawal,4.3
30,user_04_abc,M&H Bakery by Madhurima,2.6
31,user_04_abc,Naushijaan,3.0
32,user_04_abc,Kitchen 11,3.4
33,user_04_abc,Akram Biryani House,2.9
34,user_04_abc,Bombay Remix,3.2
35,user_04_abc,Prakash Kulfi,3.1
36,user_04_abc,Brindavan,3.1
37,user_04_abc,Wat-A-Burger,5.0
38,user_04_abc,Bombay Pav Bhaji,4.4
39,user_04_abc,Caprice - Radisson Lucknow City Center,2.9
40,user_05_abc,Farabi Eating Point,3.4
41,user_05_abc,Tamil Nadu South Indian Dosa,3.6
42,user_05_abc,The Eating Booth,4.3
43,user_05_abc,"Acacia - Biryani, Kebabs, Wraps & Curries",2.7
44,user_05_abc,Shikanji Wala Hot And Cool Corner,2.9
45,user_05_abc,Urban Qettle,4.0
46,user_05_abc,Golden Court,3.1
47,user_05_abc,Hashtag CafÃÂ©,3.5
48,user_05_abc,Moti Mahal Delux,4.2
49,user_05_abc,Annapurna Sweets,5.0
50,user_06_abc,Art of Chaap,3.9
51,user_06_abc,De Mannat Cafe N Lounge,4.8
52,user_06_abc,Roll Wala.Com,4.2
53,user_06_abc,Imperial Grill,2.8
54,user_06_abc,Kathi Express,4.8
55,user_06_abc,Barcelos,4.7
56,user_06_abc,Al - Baike,3.4
57,user_06_abc,Night Grill,3.4
58,user_06_abc,Foody Vibes,4.4
59,user_06_abc,Kake Da Hotel,3.9
60,user_07_abc,New Chik Chik Chicken Corner,3.2
61,user_07_abc,Vaishnavi Veg Point,3.6
62,user_07_abc,Dosa Planet,3.3
63,user_07_abc,Bala Ji Ka Dhaba,3.7
64,user_07_abc,Radical Palace Restaurant,3.6
65,user_07_abc,51 Rainbow Ice Cream,4.0
66,user_07_abc,Jumboking,4.0
67,user_07_abc,Hide n Seek,4.1
68,user_07_abc,Shivaaz Sweets,4.0
69,user_07_abc,Cafe Coffee Day,4.1
70,user_08_abc,Classic Treat Restaurant,3.8
71,user_08_abc,Pav Bhaji Wala,4.3
72,user_08_abc,BFF: Boisson Food Factory,4.6
73,user_08_abc,Kanchan Sweets & Pasteries,4.5
74,user_08_abc,Al-Baike.Net,3.4
75,user_08_abc,Teavibe,4.4
76,user_08_abc,Chef's Kitchen,2.7
77,user_08_abc,Jumboking,4.7
78,user_08_abc,Ritzz Continental Corner,3.7
79,user_08_abc,Dayal Kulfi,3.6
80,user_09_abc,Naughty Foods,3.1
81,user_09_abc,Shree Ram Ram Restaurant,3.4
82,user_09_abc,Dhindhora Fine Dine Restaurant,5.0
83,user_09_abc,Step In Cafe,3.7
84,user_09_abc,Kabila,3.4
85,user_09_abc,Hot Platter,3.5
86,user_09_abc,Handi Biryani,3.0
87,user_09_abc,Royalz Pepper,4.4
88,user_09_abc,Zafar Alam Muradabadi Chicken Biryani,3.3
89,user_09_abc,Falak Numa Restaurant - Hotel Clarks Avadh,3.0
90,user_010_abc,Siyaram Sweets,3.3
91,user_010_abc,Hot & Juicy,3.3
92,user_010_abc,The Lebanese Spot,3.5
93,user_010_abc,Cake Valley,2.8
94,user_010_abc,Rolling Pins,4.1
95,user_010_abc,Punjabi Dhaba,3.4
96,user_010_abc,Midnight Meals,4.3
97,user_010_abc,Spin Cafe,3.4
98,user_010_abc,The Mughal's Dastarkhwan,2.6
99,user_010_abc,Cosme Multi Cuisine Restaurant - Hotel Levana Suites,4.3
100,user_011_abc,Dezzerts,3.6
101,user_011_abc,City Dabha & Family Restaurant,4.5
102,user_011_abc,Caprice - Radisson Lucknow City Center,5.1
103,user_011_abc,Grill Drill - The Metropolitan Club,3.5
104,user_011_abc,Open Air Restaurant,3.5
105,user_011_abc,Paytoo,3.6
106,user_011_abc,The Table,4.7
107,user_011_abc,SkyLords,5.0
108,user_011_abc,Aadab-e-Dastarkhwan,4.2
109,user_011_abc,Drooly's  App Ka Bawarchi,4.3
110,user_012_abc,Dahi Bada Guys,3.5
111,user_012_abc,Naughty Foods,2.5
112,user_012_abc,Siraj  Restaurant,3.7
113,user_012_abc,Biryani Pack,5.0
114,user_012_abc,City Dabha & Family Restaurant,3.1
115,user_012_abc,Lukjin - Hyatt Regency Lucknow,4.9
116,user_012_abc,Shahi Nonveg Point,3.8
117,user_012_abc,Bajrang Lassi Bhandar,4.3
118,user_012_abc,Shree Rajbhog,3.9
119,user_012_abc,Samurai Hunger,3.2
120,user_013_abc,The Urban Dhaba,2.9
121,user_013_abc,Royal Sky,3.8
122,user_013_abc,Temptations,4.0
123,user_013_abc,Punjab - The Piccadily,4.5
124,user_013_abc,Royalz Pepper,5.0
125,user_013_abc,Retro Cafe,3.0
126,user_013_abc,Break Point Dhaba,2.7
127,user_013_abc,Rajwada Bhog,4.0
128,user_013_abc,Snack n Shakes,4.1
129,user_013_abc,Shyam Swaad,2.6
130,user_014_abc,Sardar Ji Ke Mashoor Chole Bhature,3.2
131,user_014_abc,Dezzerts,3.3
132,user_014_abc,Burger Nest,4.0
133,user_014_abc,Chedilal Ramprasad Vaish- King of Shakes,2.6
134,user_014_abc,Scossaa,3.5
135,user_014_abc,Nanaks Muskaan Mithai Bhandar,4.0
136,user_014_abc,Handi Fine Dine and Family Restaurant,5.1
137,user_014_abc,Boons Restaurant,5.0
138,user_014_abc,Dosa Planet,3.0
139,user_014_abc,Pat-A-Cake,3.4
140,user_015_abc,Mouth Wide Shut,3.7
141,user_015_abc,Dining Delight,2.5
142,user_015_abc,Prakash Ki Mashoor Kulfi,3.8
143,user_015_abc,Gilori - The Taste of Nawaabs,3.5
144,user_015_abc,Giani Ice Cream,3.5
145,user_015_abc,Yo Dhaba,4.9
146,user_015_abc,Rocky A to Z Chinese Point,3.4
147,user_015_abc,Gayatri Dugdh Bhandar,4.7
148,user_015_abc,Desi Rasoi,4.6
149,user_015_abc,Baker's Kingdom,3.9
150,user_016_abc,Martini Lounge & Fine Dine,2.6
151,user_016_abc,Bombay Blue,3.2
152,user_016_abc,Mashi Biryani World,3.3
153,user_016_abc,Raina's Kitchen,3.2
154,user_016_abc,The Manish Eating Point,2.6
155,user_016_abc,Holy Monkey,3.5
156,user_016_abc,Dreamz Food & Hukka Point,2.6
157,user_016_abc,The Table,4.5
158,user_016_abc,Foody Vibes,2.9
159,user_016_abc,Yadav Khasta & Vada,3.4
160,user_017_abc,Cake Valley,2.7
161,user_017_abc,Pav Bhaji Wala,4.8
162,user_017_abc,Pav Bhaji Wala,4.0
163,user_017_abc,Raj Bhojnalya & Fast Food Center,3.5
164,user_017_abc,Siya's Kitchen,3.0
165,user_017_abc,Classic Treat Restaurant,4.8
166,user_017_abc,Royale Zayka,4.0
167,user_017_abc,New Awadhi Biryani Corner,4.4
168,user_017_abc,Akbar Hotel,4.4
169,user_017_abc,Grandson Of Tunday Kababi,3.4
170,user_018_abc,Mirage Lounge,4.6
171,user_018_abc,Nawabi Castle,5.0
172,user_018_abc,Alishma Foods,3.9
173,user_018_abc,Tadka India Da,4.3
174,user_018_abc,Rattilal's,2.5
175,user_018_abc,Talab The Chai Junction,4.5
176,user_018_abc,The Great Indian Kitchen,4.7
177,user_018_abc,Jeewan Saathi Restaurant,2.7
178,user_018_abc,14Greens,4.9
179,user_018_abc,Badnaam Laddu,2.8
180,user_019_abc,Fusion Flavour,2.6
181,user_019_abc,Wings Of Fire,3.0
182,user_019_abc,Veg Corner,4.7
183,user_019_abc,The Cellar,5.0
184,user_019_abc,The Cairo Tales,2.6
185,user_019_abc,The Concept-Headquarters,3.3
186,user_019_abc,Prashadam,3.6
187,user_019_abc,Neelkanth Sweets,2.9
188,user_019_abc,Mr. Shawarma,4.1
189,user_019_abc,Al Baik Xpress,2.7
190,user_020_abc,Manish Eating Point,4.1
191,user_020_abc,Shake Wich,3.9
192,user_020_abc,Avantika Bakers,4.7
193,user_020_abc,Mughlai Dreamz,4.6
194,user_020_abc,Annapurna Sweets,4.6
195,user_020_abc,Bikanervala,4.0
196,user_020_abc,Balaji Grand,4.7
197,user_020_abc,Lucknowkitchen.in,3.9
198,user_020_abc,Hashtag CafÃÂ©,4.7
199,user_020_abc,Momos Of Nainital,3.3
200,user_021_abc,Al-Bake Chowk,4.2
201,user_021_abc,Friendli'z,4.6
202,user_021_abc,Shivaay Food Court,3.5
203,user_021_abc,Baati Chokha,4.3
204,user_021_abc,The Chocolate Room,4.7
205,user_021_abc,Shree Prem Mishtaan Bhandar,3.0
206,user_021_abc,Good Food,4.4
207,user_021_abc,Sweet Luscious,4.8
208,user_021_abc,D Pizza Club,2.7
209,user_021_abc,Chilli Pistals,3.2
210,user_022_abc,The Great Indian Kitchen,4.8
211,user_022_abc,Cafe Bola Loca,3.0
212,user_022_abc,Bombay Pav Bhaji,4.6
213,user_022_abc,Chef 69,3.0
214,user_022_abc,Goli Vada Pav,3.0
215,user_022_abc,Salman Sheermal Wale,3.7
216,user_022_abc,Mughal Zaika Aminabad,4.2
217,user_022_abc,Wamesh Cafe,3.2
218,user_022_abc,Rajshree Sweets & Restaurant,4.4
219,user_022_abc,Lukjin - Hyatt Regency Lucknow,5.0
220,user_023_abc,Madhurima Sweets,3.3
221,user_023_abc,Kitchen,3.5
222,user_023_abc,The Deli - Novotel,3.7
223,user_023_abc,La Pino'z Pizza,3.7
224,user_023_abc,Coffee Culture,3.8
225,user_023_abc,Chedilal Ramprasad Vaish- King of Shakes,4.5
226,user_023_abc,Dining Delight,4.8
227,user_023_abc,Milan Biryani Corner,3.2
228,user_023_abc,Vaango!,3.6
229,user_023_abc,Sky Mirage,5.0
230,user_024_abc,Lazeez Non Veg corner,2.7
231,user_024_abc,Vyanjan Restaurant,3.2
232,user_024_abc,Momo Corner,3.0
233,user_024_abc,Dilli Zaika,4.6
234,user_024_abc,Shrikanth Restaurant,2.8
235,user_024_abc,Molecule Air Bar,4.4
236,user_024_abc,Cafe Cloud,4.0
237,user_024_abc,Foody Vibes,3.3
238,user_024_abc,Pandey's Shashwat Sweets,5.1
239,user_024_abc,Shri Surendra Bhojnalay,2.9
240,user_025_abc,Hot Platter,4.7
241,user_025_abc,Chinese Express,2.8
242,user_025_abc,Hudson CafÃÂ©,4.2
243,user_025_abc,Chilli Pistals,2.7
244,user_025_abc,Hotel Lazeez Al Darbar,3.8
245,user_025_abc,Cheenu's Kitchen,4.9
246,user_025_abc,Labhedi Kulfi,2.8
247,user_025_abc,New Pindi Sweets,2.7
248,user_025_abc,Jannat-Dayal Paradise,4.5
249,user_025_abc,New Pizzza Yum,3.7
250,user_026_abc,Aakash Cafe,3.9
251,user_026_abc,Irani Kafe By Vintage Machine,3.3
252,user_026_abc,Percussion,2.6
253,user_026_abc,Hot Platter,2.9
254,user_026_abc,Awadh Biryani,2.9
255,user_026_abc,Shree Prem Mishtaan Bhandar,4.0
256,user_026_abc,Cafe Frangipani,4.2
257,user_026_abc,Gilori - The Taste of Nawaabs,4.4
258,user_026_abc,Shivom The Mithai Shop and Restaurant,4.2
259,user_026_abc,Time For Food Bistro,3.5
260,user_027_abc,Globe Cafe,4.5
261,user_027_abc,Hungernomia,3.1
262,user_027_abc,The Emojis Food Junction,3.9
263,user_027_abc,Prema Delight,4.7
264,user_027_abc,Bombay Pav Bhaji,3.9
265,user_027_abc,Pind Balluchi,4.5
266,user_027_abc,Shahi Nonveg Point,3.4
267,user_027_abc,Roti Unlimited,3.9
268,user_027_abc,Jai Maa Laxmi,3.2
269,user_027_abc,Khatirdari Multicuisine Restaurant,2.7
270,user_028_abc,Kanchan Sweets & Pasteries,4.7
271,user_028_abc,Romeos Pizza,2.7
272,user_028_abc,Barbeque Nation,3.6
273,user_028_abc,Aahaar,4.3
274,user_028_abc,Jannat-Dayal Paradise,3.7
275,user_028_abc,Shivom Mithai Shop,3.4
276,user_028_abc,Sepia - Renaissance Lucknow Hotel,3.2
277,user_028_abc,Pavillion - La Place Sarovar Portico,3.4
278,user_028_abc,Punjab - The Piccadily,2.9
279,user_028_abc,VM Sweet House,5.1
280,user_029_abc,Royalz Pepper,2.8
281,user_029_abc,Nageshwar  Veg Food Point,4.5
282,user_029_abc,TandooriXPress,2.5
283,user_029_abc,GPO Ke Thande Dahi Bade,2.6
284,user_029_abc,Ranjan Snack Foods,4.3
285,user_029_abc,Moti Mahal Delux,4.3
286,user_029_abc,Buttercup Bungalow,2.8
287,user_029_abc,Swaggers,3.4
288,user_029_abc,BIG CHEESY BURGER,2.6
289,user_029_abc,Honey Buns,4.8
290,user_030_abc,Annapurna Sweets,4.7
291,user_030_abc,Ritz Continental,3.2
292,user_030_abc,Southern Spices,4.6
293,user_030_abc,The Hungry Momo Cafe,3.2
294,user_030_abc,Best Choice Of Awadh,3.4
295,user_030_abc,Babian,3.7
296,user_030_abc,Globe Cafe,4.1
297,user_030_abc,Ice cream Works,3.5
298,user_030_abc,The Cellar,5.1
299,user_030_abc,Dilli Darbar,2.8
300,user_031_abc,Shri Kachodi Corner,3.1
301,user_031_abc,Dilli Zaika,4.8
302,user_031_abc,Khatir Restaurant,3.7
303,user_031_abc,Sheikh Chilli,4.9
304,user_031_abc,Ritz Continental Corner,3.0
305,user_031_abc,Mainland China,3.6
306,user_031_abc,Groove- SS Grandeur Hotel,4.9
307,user_031_abc,Jahangir Hotel,4.4
308,user_031_abc,Sheesha Moroccan Lounge - Deep Palace,4.4
309,user_031_abc,Frosty Hub,3.4
310,user_032_abc,Wok to Remember,3.8
311,user_032_abc,The Kalika Restaurant,2.7
312,user_032_abc,Siyaram Sweets,2.6
313,user_032_abc,La Pino'z Pizza,3.5
314,user_032_abc,Romeos Pizza,3.8
315,user_032_abc,Shukla Chaat House,4.0
316,user_032_abc,Gilori - The Taste of Nawaabs,4.6
317,user_032_abc,Mast Bites,3.9
318,user_032_abc,Cosme Multi Cuisine Restaurant,3.8
319,user_032_abc,Basila Ã¢ÂÂ By The River Front,4.9
320,user_033_abc,Chef 69,2.9
321,user_033_abc,Marine Room - The Piccadily,4.4
322,user_033_abc,Rattilal's,4.2
323,user_033_abc,"Acacia - Biryani, Kebabs, Wraps & Curries",3.2
324,user_033_abc,Aakash Cafe,5.0
325,user_033_abc,The Hazelnut Factory,5.0
326,user_033_abc,Raheem's,2.6
327,user_033_abc,Drunch - Skyotel,4.6
328,user_033_abc,The Cairo Tales,2.9
329,user_033_abc,Kabila,2.9
330,user_034_abc,Modern Tea & Modern Bakery,4.6
331,user_034_abc,Goli Vada Pav,4.2
332,user_034_abc,Kathi Junction,3.5
333,user_034_abc,Daal Mein Kala,3.5
334,user_034_abc,Bhatia Bakery,3.7
335,user_034_abc,Swad Doodh Dairy And Sweets,3.0
336,user_034_abc,Cosme Multi Cuisine Restaurant - Hotel Levana Suites,4.3
337,user_034_abc,Wood Smoked-Woodfired Pizza,3.3
338,user_034_abc,Wings Of Fire,4.4
339,user_034_abc,"Acacia - Biryani, Kebabs, Wraps & Curries",2.6
340,user_035_abc,Shahi Nonveg Point,4.8
341,user_035_abc,Sura Vie by TYC,4.6
342,user_035_abc,Page 3,2.6
343,user_035_abc,Mocha,5.0
344,user_035_abc,Mishti,2.8
345,user_035_abc,Wahid Biryani,4.5
346,user_035_abc,KFC,4.8
347,user_035_abc,Tastes Of Bengal,3.0
348,user_035_abc,Hide n Seek,4.2
349,user_035_abc,Manoranjan Sweet House,4.5
350,user_036_abc,Bikanervala,3.0
351,user_036_abc,Sky Bar - Renaissance Lucknow Hotel,3.9
352,user_036_abc,Wadhwa Bakers,4.7
353,user_036_abc,Madhurima Veg,4.9
354,user_036_abc,Martini Lounge & Fine Dine,5.1
355,user_036_abc,Mirage The Lounge,5.0
356,user_036_abc,Ram Janki Mishtan Bhandar,3.7
357,user_036_abc,The Great Indian Kitchen,3.5
358,user_036_abc,Lucknow Street Food,3.7
359,user_036_abc,Shivom Mithai Shop,3.6
360,user_037_abc,Khana Khazana,3.9
361,user_037_abc,Garden Grille & Bar - Hilton Garden Inn,4.2
362,user_037_abc,The Kalika Restaurant,3.6
363,user_037_abc,The Lazzat nonveg corner,3.9
364,user_037_abc,Richi Rich,2.6
365,user_037_abc,Zafar Alam Muradabadi Chicken Biryani,2.9
366,user_037_abc,Lucknowi Kabab,5.0
367,user_037_abc,Kolkata Dining,3.5
368,user_037_abc,Capoor & Sons,4.7
369,user_037_abc,Punjabi Tadka,4.0
370,user_038_abc,D'Horizon Restro & Lounge,3.6
371,user_038_abc,Kava Restaurant - Fairfield by Marriott,4.6
372,user_038_abc,UP's - Hyatt Regency Lucknow,5.1
373,user_038_abc,Zafar Alam Muradabadi Chicken Biryani,3.8
374,user_038_abc,Bajpayee Kachodi Bhandar,2.6
375,user_038_abc,Ritz Continental,4.7
376,user_038_abc,Dalchini Huts,4.3
377,user_038_abc,Rajshree Sweets & Restaurant,3.4
378,user_038_abc,Pavillion - La Place Sarovar Portico,4.0
379,user_038_abc,The Great Indian Kitchen,4.9
380,user_039_abc,Sagar Ratna,3.8
381,user_039_abc,Good Bakery,3.1
382,user_039_abc,Burma Biscuit Company,3.3
383,user_039_abc,Punjabi Dhaba,3.8
384,user_039_abc,Pizza King,3.0
385,user_039_abc,D'Horizon Restro & Lounge,2.9
386,user_039_abc,Dastarkhwan,3.9
387,user_039_abc,Shubh Labh Mithai Shop,4.7
388,user_039_abc,Royal Non Veg Point,5.0
389,user_039_abc,Barcelos,3.2
390,user_040_abc,Moscow Mutton,2.6
391,user_040_abc,The Deli - Novotel,3.9
392,user_040_abc,Shree Rajbhog,4.2
393,user_040_abc,Roll Wala.Com,4.7
394,user_040_abc,Scott And A Barrel,5.1
395,user_040_abc,Snack Shack,3.8
396,user_040_abc,Aadab-e-Dastarkhwan,4.3
397,user_040_abc,Jhanvi Veg Corner,4.0
398,user_040_abc,GPO Ke Thande Dahi Bade,3.5
399,user_040_abc,New Pindi Sweets,3.8
400,user_041_abc,Alamgir Hotel,2.8
401,user_041_abc,GPO Ke Thande Dahi Bade,3.9
402,user_041_abc,Wamesh Cafe,3.9
403,user_041_abc,Matchpoint Restaurant - Maple Leaf,4.4
404,user_041_abc,Jahangir Hotel,4.7
405,user_041_abc,Pavillion - La Place Sarovar Portico,4.3
406,user_041_abc,Punjabi Choolha,2.7
407,user_041_abc,Cafe 32 - Hotel India Awadh,3.5
408,user_041_abc,New Lucknow Kitchen,3.5
409,user_041_abc,Muradabadi Chicken Corner,3.3
410,user_042_abc,Foodie,5.0
411,user_042_abc,Non Veg Point,4.8
412,user_042_abc,Ram Narayan Tiwari & Sons,4.0
413,user_042_abc,Salman Sheermal Wale,3.7
414,user_042_abc,Fast n' Foodius,3.2
415,user_042_abc,Billu Tandooria,2.6
416,user_042_abc,Spice Garden,3.4
417,user_042_abc,The Chocolate Heaven,3.2
418,user_042_abc,Bajpai Puri,5.0
419,user_042_abc,Cafe Elaichi - A Pure Veg Desi Delight,3.6
420,user_043_abc,Shake Wich,3.3
421,user_043_abc,Momo Corner,4.8
422,user_043_abc,Sippers,4.3
423,user_043_abc,Packing Shacking,4.2
424,user_043_abc,Saleem Hotel,3.7
425,user_043_abc,Kake Da Hotel,5.1
426,user_043_abc,New Jone Hing Chinese Restaurant,3.9
427,user_043_abc,Irani Kafe By Vintage Machine,4.7
428,user_043_abc,New Lucknow Kitchen,3.1
429,user_043_abc,Prema Delight,3.1
430,user_044_abc,The Archeria,3.7
431,user_044_abc,Yo! Dosa,3.4
432,user_044_abc,Shri Lassi Corner,3.9
433,user_044_abc,Aura Lounge & Bar,4.6
434,user_044_abc,Talab The Chai Junction,5.1
435,user_044_abc,Azad Dairy & Sweets,5.0
436,user_044_abc,Page 3,4.8
437,user_044_abc,Caloriewala By Chef AJ,4.3
438,user_044_abc,Boons Restaurant,3.7
439,user_044_abc,Hot Kitchen,3.0
440,user_045_abc,Siraj  Restaurant,3.0
441,user_045_abc,EOS Bar & Bistro- Hotel Levana,5.0
442,user_045_abc,VM Sweet House,3.8
443,user_045_abc,The Cellar,3.1
444,user_045_abc,Mosasa,3.8
445,user_045_abc,Domino's Pizza,3.3
446,user_045_abc,Bukhara Grill,3.4
447,user_045_abc,Nukkad Cafe,4.3
448,user_045_abc,Chai Da Adda,3.6
449,user_045_abc,A One Bakery,3.8
450,user_046_abc,Oudhi,4.7
451,user_046_abc,Aman Bhojnalay And Fast Food,3.2
452,user_046_abc,BIG CHEESY BURGER,3.3
453,user_046_abc,Bhatia Bakery,4.9
454,user_046_abc,Secret Factory,2.9
455,user_046_abc,The Posh Pouf,3.1
456,user_046_abc,Rollarappaa  Episode 03,3.5
457,user_046_abc,Sheroes Hangout,4.5
458,user_046_abc,GPO Ke Thande Dahi Bade,4.1
459,user_046_abc,Sahu Kathi Chicken Egg Roll Wala,2.9
460,user_047_abc,Daddy Chicken Soup,2.5
461,user_047_abc,Raj & Raj,3.2
462,user_047_abc,Chef's Kitchen,2.8
463,user_047_abc,Cafe Cloud,3.1
464,user_047_abc,VM Sweets,3.5
465,user_047_abc,Kake Da Hotel,2.7
466,user_047_abc,Sai Da Dhaba,3.7
467,user_047_abc,Cosme Multi Cuisine Restaurant,4.3
468,user_047_abc,Lucknow Cakes,3.3
469,user_047_abc,Irani Kafe By Vintage Machine,3.6
470,user_048_abc,SOLD: Bar Exchange,4.5
471,user_048_abc,Mahesh's Mansarovar,4.0
472,user_048_abc,Ice N Spice,2.5
473,user_048_abc,Pankaj Non Veg Point,5.0
474,user_048_abc,Mr. Shawarma,4.2
475,user_048_abc,Raj Sweet House,3.0
476,user_048_abc,New Lucknow Kitchen,2.6
477,user_048_abc,Punjab De Mashoor Chole Bhature,2.7
478,user_048_abc,Altitude - Radisson Lucknow City Center,4.5
479,user_048_abc,Shri Lassi Corner,3.3
480,user_049_abc,Junk House Cafe,4.6
481,user_049_abc,Eiffel Cafe,4.4
482,user_049_abc,Vintage Village,5.1
483,user_049_abc,Berco's,3.6
484,user_049_abc,Eatery Castle,3.9
485,user_049_abc,Shivom Mithai Shop,2.6
486,user_049_abc,Food Haat,2.9
487,user_049_abc,Be The Beer Season 2,3.1
488,user_049_abc,Wanchai By Kylin,4.6
489,user_049_abc,City Dabha & Family Restaurant,3.4
490,user_050_abc,Shivom The Mithai Shop and Restaurant,2.7
491,user_050_abc,Paytoo,3.4
492,user_050_abc,Red Dragon,3.4
493,user_050_abc,Shivom The Mithai Shop and Restaurant,4.4
494,user_050_abc,Sign In Cafe,3.5
495,user_050_abc,Grandson of Tunday Kababi,5.0
496,user_050_abc,Mashi Biryani World,3.8
497,user_050_abc,Shivam's Little India,2.8
498,user_050_abc,Mint Lounge - Hotel Arif Castles,4.5
499,user_050_abc,Rolling Pins,4.0
500,user_051_abc,Afghani Veg Non-Veg Corner,4.0
501,user_051_abc,Ananya Restaurant,2.8
502,user_051_abc,Drunch - Skyotel,3.2
503,user_051_abc,Shake Wich,2.8
504,user_051_abc,Pandit Raja Thandai,4.7
505,user_051_abc,Alam Muradabadi Biryani,2.9
506,user_051_abc,Bhatia Bakery,4.5
507,user_051_abc,Frosty Hub,3.0
508,user_051_abc,La Pino'z Pizza,3.5
509,user_051_abc,Teavibe,3.6
510,user_052_abc,Cafe Repertwahr,4.5
511,user_052_abc,The Terrace,3.7
512,user_052_abc,The Playhouse Cafe,3.8
513,user_052_abc,Saif Nonveg Corner,4.0
514,user_052_abc,Hideout Cafe,4.8
515,user_052_abc,TandooriXPress,3.0
516,user_052_abc,Mirage The Lounge,4.3
517,user_052_abc,Avantika Bakers,3.2
518,user_052_abc,The Thickshake Factory,4.1
519,user_052_abc,Atrium - Hotel Levana,4.2
520,user_053_abc,Net Ram Mithai,3.3
521,user_053_abc,Kathi Junction,3.8
522,user_053_abc,Punjabi Chaap Corner,5.1
523,user_053_abc,Yo Dhaba,4.1
524,user_053_abc,SautÃÂ©,3.3
525,user_053_abc,Handi Fine Dine and Family Restaurant,3.9
526,user_053_abc,Balle Balle Delhi Wale Soya Chaap Zone,5.1
527,user_053_abc,Pizza Hut,3.3
528,user_053_abc,The Terrace Grill - La Place Sarovar Portico,4.5
529,user_053_abc,Sooo Tea Cafe,4.1
530,user_054_abc,Caarwan Foods,4.3
531,user_054_abc,"PASHUPATI ""Scoopers & LaReine""",4.0
532,user_054_abc,Atrium - Hotel Levana,3.1
533,user_054_abc,SautÃÂ©,4.4
534,user_054_abc,Mahalaxmi Sweets,4.5
535,user_054_abc,Pandit Chat Corner & C For Chat,4.9
536,user_054_abc,Rustic Haus,4.7
537,user_054_abc,La Reine,3.6
538,user_054_abc,Bubble Trouble,4.2
539,user_054_abc,The Hungry Momo Cafe,3.5
540,user_055_abc,Food Chowk,4.9
541,user_055_abc,Mughlai The Taste,3.1
542,user_055_abc,KDR Exotic Dining,4.2
543,user_055_abc,Fireside Cafe & Lounge,3.2
544,user_055_abc,Wings Of Fire,3.6
545,user_055_abc,Marine Room - The Piccadily,3.2
546,user_055_abc,Wanchai By Kylin,3.1
547,user_055_abc,Calcutta Sweets,3.5
548,user_055_abc,Afghani Veg Non-Veg Corner,3.1
549,user_055_abc,Caprice - Radisson Lucknow City Center,3.9
550,user_056_abc,Brew Bakes Cafe & Bistro,2.6
551,user_056_abc,Mashi Biryani World,3.4
552,user_056_abc,Steward Foods,4.0
553,user_056_abc,Tasty Window,4.5
554,user_056_abc,La Reine,3.9
555,user_056_abc,Old Cozy Corner,2.9
556,user_056_abc,Good Kitchen,4.7
557,user_056_abc,Vindeez Restaurant,4.4
558,user_056_abc,Le Cafe - Skyotel,3.3
559,user_056_abc,BIG CHEESY BURGER,4.7
560,user_057_abc,Ritzz Continental Corner,3.1
561,user_057_abc,Parathe Wali Gali,3.7
562,user_057_abc,Eatery Castle,3.3
563,user_057_abc,Sunny Veg Corner,2.8
564,user_057_abc,Poseidon - Ranbirs,3.9
565,user_057_abc,Step In Cafe,3.2
566,user_057_abc,Fast n' Foodius,3.6
567,user_057_abc,Tandoor,3.3
568,user_057_abc,Mirage The Lounge,4.9
569,user_057_abc,Kitchen,3.8
570,user_058_abc,Baskin Robbins,4.7
571,user_058_abc,Pankaj Non Veg Point,3.3
572,user_058_abc,Grand Cabana - Hotel Savvy Grand,3.5
573,user_058_abc,Al-Baike.Net,3.1
574,user_058_abc,Art of Chaap,4.6
575,user_058_abc,Food Haat,2.7
576,user_058_abc,Silver Spoon - Bakers & Cafe,3.4
577,user_058_abc,The Hazelnut Factory,3.1
578,user_058_abc,Royalz Pepper,3.3
579,user_058_abc,Cake Raj Bakery,3.4
580,user_059_abc,Old Al-Baik,4.6
581,user_059_abc,krishn Bhog Sweets & Bakery,4.0
582,user_059_abc,Purab Pashchim Restaurant,3.8
583,user_059_abc,7th Heaven,4.7
584,user_059_abc,The Sweet Lussious,4.2
585,user_059_abc,Talab The Chai Junction,4.6
586,user_059_abc,Smoked,4.7
587,user_059_abc,Oye kaake,4.6
588,user_059_abc,Drooly's  App Ka Bawarchi,3.9
589,user_059_abc,Mainland China,4.1
590,user_060_abc,Kathi Fusion,4.6
591,user_060_abc,Honey Buns,4.5
592,user_060_abc,Shukla Chaat House,4.8
593,user_060_abc,Golden Court,3.6
594,user_060_abc,Dining Delight,3.7
595,user_060_abc,Good Food,4.6
596,user_060_abc,New Mubeen,3.9
597,user_060_abc,Rattilals,3.3
598,user_060_abc,Chatpati Fish House,3.1
599,user_060_abc,Swaggers,4.8
600,user_061_abc,Zaika by Gemini Continental Hotel,4.4
601,user_061_abc,Baba Biryani,4.1
602,user_061_abc,Veggie Plus,4.9
603,user_061_abc,Veggie Plus,3.2
604,user_061_abc,Net Ram Mithai,3.0
605,user_061_abc,Shri Surendra Bhojnalay,3.0
606,user_061_abc,Green Restras,2.7
607,user_061_abc,Hashtag CafÃÂ©,4.5
608,user_061_abc,Kali Mirch,4.5
609,user_061_abc,Indian Coffee House,2.8
610,user_062_abc,Todos Pizza Cafe,3.2
611,user_062_abc,Sher-e-Punjab,4.2
612,user_062_abc,Shivaay Food Court,3.2
613,user_062_abc,Foody Vibes,2.8
614,user_062_abc,Moti Mahal,4.4
615,user_062_abc,Moti Mahal,2.7
616,user_062_abc,Shivom Mithai Shop,3.9
617,user_062_abc,Foodie Restaurant,2.6
618,user_062_abc,Arora's Fast Food Hub,4.8
619,user_062_abc,The Cherry Tree Cafe,4.9
620,user_063_abc,Bhole's Chai Nashta Point,2.6
621,user_063_abc,The Fresh Factory,2.6
622,user_063_abc,Wok to Remember,2.5
623,user_063_abc,Farzi CafÃÂ©,3.7
624,user_063_abc,Aahaar,2.8
625,user_063_abc,Berco's,3.6
626,user_063_abc,Balaji Grand,3.9
627,user_063_abc,Eatery Castle,3.1
628,user_063_abc,Bala Ji Ka Dhaba,4.3
629,user_063_abc,Prakash Ki Mashoor Kulfi,4.6
630,user_064_abc,Ritzz Continental Corner,4.1
631,user_064_abc,Darjeeling Momos Expresss - Love At First Bite,3.9
632,user_064_abc,King's Bakery And Fast Foods,4.4
633,user_064_abc,Noodle Bar,3.6
634,user_064_abc,Samurai Hunger,4.2
635,user_064_abc,Famous Dum Biryani,3.0
636,user_064_abc,Durga Khasta Corner,4.1
637,user_064_abc,Wadhwa Bakers,3.1
638,user_064_abc,Radical Palace Restaurant,4.8
639,user_064_abc,The Cakesmithz Bakers,5.0
640,user_065_abc,Mr.James,3.2
641,user_065_abc,Radhey Lal Sweets,2.7
642,user_065_abc,Legends Sports Cafe,4.8
643,user_065_abc,Kabila,4.7
644,user_065_abc,Snack Shack,4.4
645,user_065_abc,Le Cafe - Skyotel,4.7
646,user_065_abc,Kali Mirch,4.5
647,user_065_abc,Hide n Seek,3.8
648,user_065_abc,Havmor Ice Cream,4.4
649,user_065_abc,Milan Biryani Corner,4.5
650,user_066_abc,New Awadhi Biryani Corner,3.4
651,user_066_abc,Pack 'N' Chew,3.9
652,user_066_abc,Royale Zayka,3.9
653,user_066_abc,Modern Tea & Modern Bakery,2.7
654,user_066_abc,Meal59,3.4
655,user_066_abc,On High - Hotel Silvete,4.5
656,user_066_abc,Aakash Cafe,3.6
657,user_066_abc,Wanchai By Kylin,3.8
658,user_066_abc,Sharma's Restaurant,3.4
659,user_066_abc,Fud Express,2.8
660,user_067_abc,Gupta Burger Centre,4.4
661,user_067_abc,Rohit Chat,3.3
662,user_067_abc,Kitchen 99,3.2
663,user_067_abc,Chilli Pistals,4.3
664,user_067_abc,Junk House Cafe,3.5
665,user_067_abc,ARMA - The Lounge And Game Station,2.7
666,user_067_abc,Moti Mahal Delux,4.6
667,user_067_abc,Punjabi Chaap Corner,4.4
668,user_067_abc,Awadh Biryani,2.7
669,user_067_abc,Grill Drill - The Metropolitan Club,2.9
670,user_068_abc,Hudson CafÃÂ©,2.8
671,user_068_abc,Mama Mutton,5.0
672,user_068_abc,Punjabi Chaap Corner,3.0
673,user_068_abc,Siyaram Sweets,3.6
674,user_068_abc,Kali Mirch,4.3
675,user_068_abc,Wamesh Cafe,3.2
676,user_068_abc,Hungernomia,3.1
677,user_068_abc,Pizza King,4.6
678,user_068_abc,Balaji Grand,4.5
679,user_068_abc,Rohit Chat,5.0
680,user_069_abc,Prakash Kulfi,3.3
681,user_069_abc,Chhappan Bhog,4.4
682,user_069_abc,Samurai Hunger,4.2
683,user_069_abc,The Pirates,5.1
684,user_069_abc,Get Desserted,2.7
685,user_069_abc,Mahesh's Mansarovar,5.0
686,user_069_abc,The Eating Booth,4.3
687,user_069_abc,The Cakesmithz Bakers,3.2
688,user_069_abc,Alishma Foods,2.7
689,user_069_abc,Subway,2.9
690,user_070_abc,Burma Biscuit Company,2.9
691,user_070_abc,Tamil Nadu Dosa,3.6
692,user_070_abc,Hungry Singh,4.4
693,user_070_abc,Non Veg Corner & Veg Fast Food,4.5
694,user_070_abc,Globe Cafe,4.3
695,user_070_abc,Al - Baike - Arabecue,3.1
696,user_070_abc,Oudhyana - Taj Mahal,4.4
697,user_070_abc,Food Haat,3.9
698,user_070_abc,Radhey Lal Sweets,4.7
699,user_070_abc,Pizza King,2.7
700,user_071_abc,Royal Sky,2.8
701,user_071_abc,Frosty Hub,4.2
702,user_071_abc,Kerala Cafe,4.0
703,user_071_abc,Ritz Continental Corner,4.9
704,user_071_abc,Sheroes Hangout,5.1
705,user_071_abc,Raj Bhojnalya & Fast Food Center,2.9
706,user_071_abc,The Cairo Tales,4.7
707,user_071_abc,The Peddler's,2.7
708,user_071_abc,Dosa Planet,2.6
709,user_071_abc,Kalika Choolha,5.0
710,user_072_abc,UP's - Hyatt Regency Lucknow,2.6
711,user_072_abc,Azhar Bhai Ka Pan,3.7
712,user_072_abc,Pind Balluchi,3.3
713,user_072_abc,Khanna Food Point,3.5
714,user_072_abc,Zaayka,3.6
715,user_072_abc,Akram Biryani House,3.1
716,user_072_abc,WOW! Momo,2.6
717,user_072_abc,Al-Baike.Net,3.7
718,user_072_abc,Daily Dose Cafe,4.7
719,user_072_abc,Chinese Express,4.8
720,user_073_abc,Moti Mahal Delux Tandoori Trail,4.0
721,user_073_abc,Alamgir Hotel,4.9
722,user_073_abc,Food Point,3.8
723,user_073_abc,Foodie,4.8
724,user_073_abc,Village Treat,3.5
725,user_073_abc,Good Food,2.6
726,user_073_abc,Marine Room - The Piccadily,4.3
727,user_073_abc,Sainik Bhojanalaya,3.8
728,user_073_abc,Aakash Cafe,4.0
729,user_073_abc,Om Food Point,5.0
730,user_074_abc,Rocca - Hyatt Regency Lucknow,3.7
731,user_074_abc,Cosme Multi Cuisine Restaurant - Hotel Levana Suites,4.6
732,user_074_abc,Falak Numa Restaurant - Hotel Clarks Avadh,3.8
733,user_074_abc,Bhole's Chai Nashta Point,3.1
734,user_074_abc,Burma Biscuit Company,2.7
735,user_074_abc,Chilli Pistals,3.3
736,user_074_abc,The Coffee Castle,2.7
737,user_074_abc,Falak Numa Restaurant - Hotel Clarks Avadh,4.5
738,user_074_abc,Kerala Cafe,3.8
739,user_074_abc,Zakir Restaurant,3.8
740,user_075_abc,The Wild Lads Cafe And Bistro,4.9
741,user_075_abc,Barbeque Nation,3.9
742,user_075_abc,Copper Handi - Hotel Vijay Paradise,4.9
743,user_075_abc,Red Dragon,4.4
744,user_075_abc,Theka - The Piccadily,4.7
745,user_075_abc,The Marigold- Fine Dine Restaurant,3.5
746,user_075_abc,Azad Dairy & Sweets,4.7
747,user_075_abc,Time For Food Bistro,3.9
748,user_075_abc,Lazeez Non Veg corner,3.3
749,user_075_abc,Krishn Bhog,4.6
750,user_076_abc,Akbar Hotel,3.7
751,user_076_abc,Smoked,4.0
752,user_076_abc,Pandit Chat Corner,4.0
753,user_076_abc,Steward Foods,4.7
754,user_076_abc,Meal59,3.8
755,user_076_abc,Classic Treat Restaurant,4.9
756,user_076_abc,"PASHUPATI ""Scoopers & LaReine""",5.0
757,user_076_abc,Shree Prem Mishtaan Bhandar,2.9
758,user_076_abc,Dosa Planet,3.5
759,user_076_abc,Sky Bar - Renaissance Lucknow Hotel,2.7
760,user_077_abc,Romeos Pizza,2.5
761,user_077_abc,Kathi Fusion,4.0
762,user_077_abc,Desi Rasoi,4.9
763,user_077_abc,Shubh Labh Mithai Shop,3.1
764,user_077_abc,Big Bite Lucknow,3.6
765,user_077_abc,Pandit Chat Corner,3.9
766,user_077_abc,Grandson Of Tunday Kababi,3.1
767,user_077_abc,Chilli Pistals,2.7
768,user_077_abc,Ajay Veg & Non Veg Point,3.1
769,user_077_abc,Shrikanth Restaurant,2.6
770,user_078_abc,Mughal Zaika Aminabad,3.5
771,user_078_abc,Underdoggs Bar & Grill,4.6
772,user_078_abc,Chef's Kitchen,2.6
773,user_078_abc,Caarwan Foods,2.8
774,user_078_abc,Bombay Brasserie,2.6
775,user_078_abc,The Flying Saucer Cafe,2.9
776,user_078_abc,Al-Baike Restaurant,3.1
777,user_078_abc,Jai Maa Laxmi,3.0
778,user_078_abc,Wahid Biryani,4.1
779,user_078_abc,Kitchen 99,4.6
780,user_079_abc,Al-Bake.Com,3.2
781,user_079_abc,Madhur Milan,4.7
782,user_079_abc,Kareem's,3.9
783,user_079_abc,Mughlai Huttz,3.1
784,user_079_abc,The Chocolate Room,2.9
785,user_079_abc,The Lazzat nonveg corner,3.7
786,user_079_abc,King's Bakery And Fast Foods,4.1
787,user_079_abc,Holy Monkey,3.5
788,user_079_abc,Mr. Sandwich,3.2
789,user_079_abc,The Pizza Dine,2.9
790,user_080_abc,Heaven Can Wait,4.7
791,user_080_abc,Holy Monkey,4.2
792,user_080_abc,Shukla Chaat House,4.8
793,user_080_abc,New Gyani Ji Ka Dhaba,3.1
794,user_080_abc,Balle Balle Delhi Wale Soya Chaap Zone,2.5
795,user_080_abc,Burma Biscuit Company,3.3
796,user_080_abc,Saif Nonveg Corner,3.1
797,user_080_abc,Crackerjacks Restaurant & Cafe,3.8
798,user_080_abc,Smoked,3.2
799,user_080_abc,Dosa Planet,4.0
800,user_081_abc,Veg Corner,3.1
801,user_081_abc,Biryani Point,3.0
802,user_081_abc,Poseidon - Ranbirs,4.2
803,user_081_abc,Deewakar Misthan Bhander,4.0
804,user_081_abc,Baskin Robbins,3.7
805,user_081_abc,Maa Durga Restaurant,4.5
806,user_081_abc,Burger Point,3.6
807,user_081_abc,Raj Bhojnalya & Fast Food Center,2.7
808,user_081_abc,Mocha,4.2
809,user_081_abc,Drooly's  App Ka Bawarchi,4.0
810,user_082_abc,Ram Narayan Tiwari & Sons,4.0
811,user_082_abc,Kake Da Hotel,4.9
812,user_082_abc,BFF: Boisson Food Factory,2.7
813,user_082_abc,Percussion,3.0
814,user_082_abc,Grandson of Tunday Kababi,4.1
815,user_082_abc,Midnight Meals,3.2
816,user_082_abc,Sepia - Renaissance Lucknow Hotel,5.0
817,user_082_abc,Bombay Pav Bhaji,4.6
818,user_082_abc,Raj & Raj,3.6
819,user_082_abc,Cafe Frangipani,3.4
820,user_083_abc,New Mubeen,4.5
821,user_083_abc,Anna Dosa Point,4.7
822,user_083_abc,Aura Lounge & Bar,3.5
823,user_083_abc,TandooriXPress,2.9
824,user_083_abc,Friendli'z,4.4
825,user_083_abc,Burger Nest,4.3
826,user_083_abc,The Ranch,2.8
827,user_083_abc,Handi Biryani,4.2
828,user_083_abc,Oye kaake,5.1
829,user_083_abc,Skyhilton,4.2
830,user_084_abc,Naimat Khana,2.5
831,user_084_abc,L 14 - Renaissance Lucknow Hotel,3.5
832,user_084_abc,Food Paradise,4.0
833,user_084_abc,Royal Grill,3.2
834,user_084_abc,Shri Kachodi Corner,4.2
835,user_084_abc,Daily Dose Cafe,3.3
836,user_084_abc,Mahesh's Mansarovar,4.3
837,user_084_abc,WOW! Momo,3.5
838,user_084_abc,Shubh Labh Mithai Shop,2.9
839,user_084_abc,Sweet Luscious,4.7
840,user_085_abc,Tadka India Da,4.7
841,user_085_abc,Bun Makkhan Chai,4.8
842,user_085_abc,Kathi Castle,4.5
843,user_085_abc,Ranjan Snack Foods,2.8
844,user_085_abc,Ritzz Mithai Vatika,3.4
845,user_085_abc,Bombay Remix,3.7
846,user_085_abc,Kathi Castle,3.5
847,user_085_abc,Siraj  Restaurant,4.1
848,user_085_abc,NutriPlate India,3.1
849,user_085_abc,Frozen Junction,5.0
850,user_086_abc,Irani Kafe By Vintage Machine,3.7
851,user_086_abc,Panchvati Sweets,3.5
852,user_086_abc,Groove- SS Grandeur Hotel,3.1
853,user_086_abc,Taam NonVeg Point,2.9
854,user_086_abc,Veg Corner,3.0
855,user_086_abc,Bar Bar - Hotel India Awadh,4.7
856,user_086_abc,Raj Gharana- The Heritage Food Villa,2.8
857,user_086_abc,The Jail Cafe,3.6
858,user_086_abc,Shri Kachodi Corner,3.1
859,user_086_abc,Garden Bakery,2.6
860,user_087_abc,Desi Lounge,4.0
861,user_087_abc,Buttercup Bungalow,4.6
862,user_087_abc,Cheesy Pizza Point,3.6
863,user_087_abc,Chemistry CafÃÂ©,3.5
864,user_087_abc,Tadka India Da,2.6
865,user_087_abc,Shivaay Food Court,4.5
866,user_087_abc,Bhole Chature,2.5
867,user_087_abc,Cafe Crossover,4.6
868,user_087_abc,The Thickshake Factory,3.3
869,user_087_abc,Kukku Da Dhaba,3.0
870,user_088_abc,Grandson Of Tunday Kababi,2.8
871,user_088_abc,Vyanjan Restaurant,2.6
872,user_088_abc,Baba Biryani,4.4
873,user_088_abc,Sheesha Moroccan Lounge - Deep Palace,3.4
874,user_088_abc,The Bridge - Sapna Clarks Inn,4.7
875,user_088_abc,Shivaaz Sweets,4.3
876,user_088_abc,Sahu Kathi Chicken Egg Roll Wala,3.0
877,user_088_abc,The Penthouse Cafe,3.1
878,user_088_abc,Daily Dose Cafe,3.6
879,user_088_abc,The Chocolate Room,4.1
880,user_089_abc,Blue Bell sweets,3.2
881,user_089_abc,Sharma's Restaurant,3.6
882,user_089_abc,Nawabeen's Awadhi Restaurant,5.1
883,user_089_abc,Moti Mahal,3.4
884,user_089_abc,Bajpai Puri,4.7
885,user_089_abc,New Jone Hing Chinese Restaurant,4.0
886,user_089_abc,Giza - Club Momentz,4.0
887,user_089_abc,Mocha,5.0
888,user_089_abc,Balaji Bhojnalay,5.0
889,user_089_abc,Rashmi sweets,2.8
890,user_090_abc,KGN Restaurant,4.5
891,user_090_abc,Milkshake Factory,4.4
892,user_090_abc,Cafe Frangipani,2.5
893,user_090_abc,Saif Nonveg Corner,3.0
894,user_090_abc,Capoor & Sons,4.7
895,user_090_abc,The Pirates,2.6
896,user_090_abc,Rollarappaa  Episode 03,4.6
897,user_090_abc,Vaishnavi Veg Point,3.1
898,user_090_abc,Biryani Pack,4.4
899,user_090_abc,Al Baike.net,4.1
900,user_091_abc,Durga Kachodi bhandar,3.9
901,user_091_abc,Sheroes Hangout,2.5
902,user_091_abc,Burger Point,3.3
903,user_091_abc,D'Horizon Restro & Lounge,2.7
904,user_091_abc,The Cherry Tree Cafe,3.9
905,user_091_abc,King's Kitchen,4.2
906,user_091_abc,New Gyani Ji Ka Dhaba,5.1
907,user_091_abc,Good Bakery,3.3
908,user_091_abc,Cake 'n' Cafe,4.1
909,user_091_abc,Yellow Bakery,4.7
910,user_092_abc,Classic Treat Restaurant,2.8
911,user_092_abc,Khatirdari Express,5.1
912,user_092_abc,Stereo Cafe & Restaurant,3.1
913,user_092_abc,Al - Baike - Arabecue,3.4
914,user_092_abc,Boti Roti,2.6
915,user_092_abc,Mama Mutton,4.2
916,user_092_abc,Hudson CafÃÂ©,3.7
917,user_092_abc,Spice Caves,3.4
918,user_092_abc,Handi Biryani,3.4
919,user_092_abc,Melange - The Grand JBR,4.1
920,user_093_abc,Recharge Cafe,3.3
921,user_093_abc,Wahid Biryani,4.2
922,user_093_abc,Shukla Chaat House,3.2
923,user_093_abc,Keventers,3.2
924,user_093_abc,Dilli Zaika,4.8
925,user_093_abc,TandooriXPress,3.3
926,user_093_abc,Mashi Biryani World,4.6
927,user_093_abc,Punjabi Tadka,2.6
928,user_093_abc,Basila Ã¢ÂÂ By The River Front,4.7
929,user_093_abc,Pandey's Shashwat Sweets,5.1
930,user_094_abc,Rattilal's,3.2
931,user_094_abc,Oudhi,3.2
932,user_094_abc,Rollarappaa  Episode 03,2.7
933,user_094_abc,Marine Room - The Piccadily,4.8
934,user_094_abc,Rooftop Bar - Novotel,4.1
935,user_094_abc,Capoor & Sons,2.8
936,user_094_abc,Midnight Meals,3.6
937,user_094_abc,Badnaam Laddu,4.4
938,user_094_abc,Mahalaxmi Sweets,5.0
939,user_094_abc,Burgrill,4.5
940,user_095_abc,Hideout Cafe,2.7
941,user_095_abc,Siya's Kitchen,4.6
942,user_095_abc,Mama Mutton,4.5
943,user_095_abc,Desi kitchen,3.0
944,user_095_abc,Garden Grille & Bar - Hilton Garden Inn,4.7
945,user_095_abc,The Manish Eating Point,5.1
946,user_095_abc,Snack n Shakes,4.2
947,user_095_abc,Village Treat,3.6
948,user_095_abc,Dreamy Delicacies,4.9
949,user_095_abc,Maa Durga Restaurant,3.2
950,user_096_abc,Tamil Nadu South Indian Dosa,4.3
951,user_096_abc,Phirangi Dhaba,5.1
952,user_096_abc,Pizza Plaza,4.1
953,user_096_abc,Jeewan Saathi Restaurant,3.0
954,user_096_abc,Tangy Twists,4.4
955,user_096_abc,Oudhi,4.1
956,user_096_abc,Dilli Darbar,3.9
957,user_096_abc,Moti Mahal Delux Tandoori Trail,2.9
958,user_096_abc,Mahalaxmi Sweets,2.7
959,user_096_abc,Chai Da Adda,4.6
960,user_097_abc,Balaji Grand,4.6
961,user_097_abc,Mosasa,3.6
962,user_097_abc,Vintage Village,3.9
963,user_097_abc,Pirates of Grill,4.0
964,user_097_abc,Mr. Brown,3.7
965,user_097_abc,Brio Art House & Cafe - Ramada Lucknow,3.1
966,user_097_abc,Little Bunny Baker's Hub,3.4
967,user_097_abc,M&H Bakery by Madhurima,3.6
968,user_097_abc,Dreamy Delicacies,5.1
969,user_097_abc,Wood Smoked-Woodfired Pizza,3.8
970,user_098_abc,Scossaa,2.7
971,user_098_abc,The Chocolate Room,2.5
972,user_098_abc,The Mughal's Dastarkhwan,4.0
973,user_098_abc,Sahib Cafe - Taj Mahal,5.0
974,user_098_abc,Cafe By Default,3.3
975,user_098_abc,Daal Mein Kala,2.5
976,user_098_abc,Banarasiya,4.6
977,user_098_abc,Rattilals,4.2
978,user_098_abc,Punjab De Mashoor Chole Bhature,3.8
979,user_098_abc,Rohit Chat,2.7
980,user_099_abc,Caprice - Radisson Lucknow City Center,4.1
981,user_099_abc,Wahid Biryani,3.3
982,user_099_abc,King's Kitchen,3.9
983,user_099_abc,Bajrang Lassi Bhandar,3.8
984,user_099_abc,Kechup Fast Food,4.3
985,user_099_abc,Chinese Express,2.8
986,user_099_abc,Legends Sports Cafe,4.7
987,user_099_abc,Kabila,4.0
988,user_099_abc,Underdoggs Bar & Grill,3.0
989,user_099_abc,Scott And A Barrel,2.6
990,user_0100_abc,De Mannat Cafe N Lounge,4.3
991,user_0100_abc,Central - The Lounge Cafe,2.7
992,user_0100_abc,Sharma Chai,3.0
993,user_0100_abc,Tastes Of Bengal,4.8
994,user_0100_abc,The Veg Express,4.7
995,user_0100_abc,Lazeez Non Veg corner,3.0
996,user_0100_abc,Jux Pux,3.7
997,user_0100_abc,Ritzz Continental Corner,3.3
998,user_0100_abc,Rohit Chat,5.1
999,user_0100_abc,JW Club,2.7
1000,user_0101_abc,UP's - Hyatt Regency Lucknow,3.1
1001,user_0101_abc,The Penthouse Cafe,2.5
1002,user_0101_abc,Sagar Ratna,4.9
1003,user_0101_abc,M&H Bakery by Madhurima,4.2
1004,user_0101_abc,Publique De Bistro & Cafe,3.4
1005,user_0101_abc,Idrish Hotel,4.6
1006,user_0101_abc,Urban Qettle,3.8
1007,user_0101_abc,Martini Lounge & Fine Dine,3.7
1008,user_0101_abc,SkyLords,5.1
1009,user_0101_abc,Mughal Zaika Aminabad,4.3
1010,user_0102_abc,Sardar Ji Ke Mashoor Chole Bhature,3.5
1011,user_0102_abc,Smoked,4.6
1012,user_0102_abc,Gilori - The Taste of Nawaabs,4.6
1013,user_0102_abc,Grandson of Tunday Kababi,2.9
1014,user_0102_abc,Jannat-Dayal Paradise,3.8
1015,user_0102_abc,Lucknow Street Food,3.1
1016,user_0102_abc,CafÃÂ© One 'O' One,4.8
1017,user_0102_abc,New Pizzza Yum,3.0
1018,user_0102_abc,Madhurima Aminabad,4.2
1019,user_0102_abc,"PASHUPATI ""Scoopers & LaReine""",3.4
1020,user_0103_abc,The Dessert Diaries,3.9
1021,user_0103_abc,Break Point Dhaba,3.4
1022,user_0103_abc,Famous Dum Biryani,2.8
1023,user_0103_abc,Samurai Hunger,3.2
1024,user_0103_abc,Haji Abdul Raheem Manzoor Hotel,2.6
1025,user_0103_abc,Baba Biryani,3.4
1026,user_0103_abc,Tript Aahar,3.6
1027,user_0103_abc,Tasty Window,3.3
1028,user_0103_abc,Blue Owl Cafe,4.3
1029,user_0103_abc,Badnaam Laddu,4.0
1030,user_0104_abc,Lucknow Street Food,3.7
1031,user_0104_abc,Deewakar Misthan Bhander,3.4
1032,user_0104_abc,Scott And A Barrel,3.7
1033,user_0104_abc,Goli Vada Pav,4.3
1034,user_0104_abc,Chai Peeni Hai,2.6
1035,user_0104_abc,Neelkanth Sweets,4.3
1036,user_0104_abc,Spice Garden,3.5
1037,user_0104_abc,Aryan Family's Delight,4.0
1038,user_0104_abc,KFC,4.4
1039,user_0104_abc,Swaggers,3.8
1040,user_0105_abc,Al-Baike Restaurant,4.3
1041,user_0105_abc,Spin Cafe,4.5
1042,user_0105_abc,Ram Asrey,4.8
1043,user_0105_abc,Capoor & Sons,4.0
1044,user_0105_abc,Grandson Of Tunday Kababi,4.3
1045,user_0105_abc,Raj Biryani Corner,3.6
1046,user_0105_abc,Kilo Bites,3.0
1047,user_0105_abc,Step In Cafe,4.0
1048,user_0105_abc,Shri Kachodi Corner,3.4
1049,user_0105_abc,Central - The Lounge Cafe,4.8
1050,user_0106_abc,Tript Aahar,2.6
1051,user_0106_abc,Raj Bhojnalya & Fast Food Center,3.6
1052,user_0106_abc,Narayan Veg,2.9
1053,user_0106_abc,The Great Indian Kitchen,3.0
1054,user_0106_abc,Vintage Village,4.6
1055,user_0106_abc,Bake & Flame La Brasserie,3.1
1056,user_0106_abc,ABC Muradabadi Chicken Biryani,3.9
1057,user_0106_abc,Bhukkhad.com,2.8
1058,user_0106_abc,New Mubeen,4.2
1059,user_0106_abc,Jannat-Dayal Paradise,3.4
1060,user_0107_abc,Good Bakery,4.3
1061,user_0107_abc,Sardar Ji Ke Mashoor Chole Bhature,2.8
1062,user_0107_abc,Gayatri Dugdh Bhandar,5.0
1063,user_0107_abc,Theka - The Piccadily,5.0
1064,user_0107_abc,The VIF Cafe,3.0
1065,user_0107_abc,Chai Peeni Hai,4.4
1066,user_0107_abc,Todos Pizza Cafe,5.0
1067,user_0107_abc,Mosasa,4.3
1068,user_0107_abc,Prashadam,3.4
1069,user_0107_abc,Kitchen 11,3.6
1070,user_0108_abc,Wamesh Cafe,4.3
1071,user_0108_abc,Kareem Kababi,4.1
1072,user_0108_abc,Grill Inn,4.4
1073,user_0108_abc,Cakes And Bakes Shoppee,3.5
1074,user_0108_abc,Big Bite Lucknow,3.9
1075,user_0108_abc,Sharma Ji Ki Chai,4.4
1076,user_0108_abc,JJ Bakers,4.7
1077,user_0108_abc,Madhurima Aminabad,3.3
1078,user_0108_abc,Farzi CafÃÂ©,3.9
1079,user_0108_abc,The Great Indian Kitchen,2.9
1080,user_0109_abc,Royal Cafe - Royal Inn,2.9
1081,user_0109_abc,Steward Foods,4.7
1082,user_0109_abc,Wamesh Cafe,3.1
1083,user_0109_abc,Ranjan Snack Foods,3.4
1084,user_0109_abc,Macaron Patisserie,3.9
1085,user_0109_abc,Dalchini Huts,4.8
1086,user_0109_abc,Domino's Pizza,3.0
1087,user_0109_abc,Originals Blends & More,3.2
1088,user_0109_abc,Indulge,2.6
1089,user_0109_abc,Cake Raj Bakery,3.9
1090,user_0110_abc,Bismillah Biryani,4.6
1091,user_0110_abc,Pind Balluchi the village restaurant & Bar,3.9
1092,user_0110_abc,Rohit Chat,3.6
1093,user_0110_abc,The Sugar Rack - Bakery & Cafe,3.8
1094,user_0110_abc,Subcontinent,4.4
1095,user_0110_abc,CafÃÂ© One 'O' One,4.9
1096,user_0110_abc,Earthen Oven - Fortune Park BBD,4.3
1097,user_0110_abc,Mainland China,3.3
1098,user_0110_abc,Aahaar,4.3
1099,user_0110_abc,Walnut,3.5
1100,user_0111_abc,Ram Asrey,2.8
1101,user_0111_abc,Roti Unlimited,2.8
1102,user_0111_abc,SautÃÂ©,3.9
1103,user_0111_abc,Afghani Veg Non-Veg Corner,3.7
1104,user_0111_abc,"PASHUPATI ""Scoopers & LaReine""",4.3
1105,user_0111_abc,Rashmi sweets,2.7
1106,user_0111_abc,Cafe Frangipani,4.2
1107,user_0111_abc,Frosty Hub,5.1
1108,user_0111_abc,Pind Balluchi the village restaurant & Bar,4.7
1109,user_0111_abc,Biryani Pack,3.5
1110,user_0112_abc,Streat Food,2.7
1111,user_0112_abc,Bhatia Matthi Wale,5.0
1112,user_0112_abc,The Table,4.4
1113,user_0112_abc,Spicy Hub,3.2
1114,user_0112_abc,Radhey Lal Sweets,4.8
1115,user_0112_abc,Rolling Pins,4.8
1116,user_0112_abc,The Ranch,3.2
1117,user_0112_abc,Burger Point,4.5
1118,user_0112_abc,Recharge Cafe,4.1
1119,user_0112_abc,The Flying Saucer Cafe,4.3
1120,user_0113_abc,Hide n Seek,4.4
1121,user_0113_abc,Mahesh's Mansarovar,3.6
1122,user_0113_abc,Spicy Kitchen,3.7
1123,user_0113_abc,Daal Chawal,2.9
1124,user_0113_abc,Kitchen,3.1
1125,user_0113_abc,New Pizzza Yum,3.4
1126,user_0113_abc,Cube Bar - Casaya Inn,2.6
1127,user_0113_abc,Indrani Sweets And Restaurant,4.2
1128,user_0113_abc,Le Cafe - Skyotel,3.8
1129,user_0113_abc,Madras Restaurant,3.6
1130,user_0114_abc,The Archeria,3.1
1131,user_0114_abc,Madhurima Veg,4.7
1132,user_0114_abc,Grill Drill - The Metropolitan Club,3.6
1133,user_0114_abc,Gayatri Dugdh Bhandar,3.1
1134,user_0114_abc,Shree Prem Mishtaan Bhandar,3.7
1135,user_0114_abc,Aakash Cafe,3.6
1136,user_0114_abc,Prakash Kulfi,4.3
1137,user_0114_abc,Aabshaar - Ranbirs,4.9
1138,user_0114_abc,Akbar Hotel,3.8
1139,user_0114_abc,Walnut,4.4
1140,user_0115_abc,Moscow Mutton,3.6
1141,user_0115_abc,Copper Handi - Hotel Vijay Paradise,4.3
1142,user_0115_abc,New Mubeen,2.5
1143,user_0115_abc,Naughty Foods,2.8
1144,user_0115_abc,Meal59,3.4
1145,user_0115_abc,Snack n Shakes,4.0
1146,user_0115_abc,Adam's Club,3.8
1147,user_0115_abc,7th Heaven,2.9
1148,user_0115_abc,Vindeez Restaurant,3.9
1149,user_0115_abc,Punjabi Dhaba,3.5
1150,user_0116_abc,Gazal Ice-Cream Parlour,3.4
1151,user_0116_abc,Arora Jee Da Khana Khazana,2.9
1152,user_0116_abc,Grandson of Tunday Kababi,3.3
1153,user_0116_abc,Dreamy Delicacies,5.1
1154,user_0116_abc,Moscow Mutton,3.8
1155,user_0116_abc,Foodie,4.5
1156,user_0116_abc,Kukku Da Dhaba,3.8
1157,user_0116_abc,Labhedi Kulfi,4.9
1158,user_0116_abc,Sheikh Chilli,4.9
1159,user_0116_abc,Grilled Box,3.6
1160,user_0117_abc,Bajrang Lassi Bhandar,3.2
1161,user_0117_abc,Marksmen,3.0
1162,user_0117_abc,Caarwan Foods,3.2
1163,user_0117_abc,Kilo Bites,4.6
1164,user_0117_abc,Arora Jee Da Khana Khazana,2.8
1165,user_0117_abc,Cafe Repertwahr,5.0
1166,user_0117_abc,The Dessert Diaries,4.6
1167,user_0117_abc,Gupta Burger Centre,3.7
1168,user_0117_abc,King of Chat,4.8
1169,user_0117_abc,Cafe Frangipani,3.2
1170,user_0118_abc,Yellow Bakery,3.9
1171,user_0118_abc,Dosa Planet,3.0
1172,user_0118_abc,Kitchen 11,4.5
1173,user_0118_abc,Tastes Of Bengal,3.8
1174,user_0118_abc,Ranjan Snack Foods,3.3
1175,user_0118_abc,The Cakesmithz Bakers,3.6
1176,user_0118_abc,Net Ram Mithai,3.2
1177,user_0118_abc,Bombay Pav Bhaji,2.5
1178,user_0118_abc,The Mountain Cafe,3.3
1179,user_0118_abc,Prashadam,2.6
1180,user_0119_abc,Maa Bhojanlay,2.8
1181,user_0119_abc,The Pebbles Bistro & Bar,3.0
1182,user_0119_abc,Manish Eating Point,4.0
1183,user_0119_abc,Anna Dosa Point,4.9
1184,user_0119_abc,Al Bake,4.2
1185,user_0119_abc,Balaji Ka Dhaba,4.0
1186,user_0119_abc,New Awadhi Biryani Corner,3.2
1187,user_0119_abc,Mohan Sweets & Bakers,4.4
1188,user_0119_abc,Chahat Biryani,4.1
1189,user_0119_abc,Hunger Hut,3.9
1190,user_0120_abc,Xoxo Ice Cream And Snacks Corner,2.9
1191,user_0120_abc,Ice cream Works,4.9
1192,user_0120_abc,The Sugar Rack - Bakery & Cafe,3.4
1193,user_0120_abc,Al Zaiqa Restaurant,3.5
1194,user_0120_abc,Mr. Sandwich,2.9
1195,user_0120_abc,The Golden Treat,2.8
1196,user_0120_abc,Manoranjan Sweet House,4.4
1197,user_0120_abc,Aman Bhojnalay And Fast Food,2.9
1198,user_0120_abc,Urban Terrace,3.5
1199,user_0120_abc,Rustic Haus,3.7
1200,user_0121_abc,Pizza Cave,2.6
1201,user_0121_abc,Shri Sahu Khasta Corner,3.2
1202,user_0121_abc,Raj Biryani Corner,3.6
1203,user_0121_abc,Dhadoom,3.5
1204,user_0121_abc,Aadab- Dayal Paradise,3.5
1205,user_0121_abc,Talab The Chai Junction,3.2
1206,user_0121_abc,Rocca - Hyatt Regency Lucknow,3.9
1207,user_0121_abc,Stereo Cafe & Restaurant,4.2
1208,user_0121_abc,Kukku Da Dhaba,4.1
1209,user_0121_abc,Kathi Express,3.6
1210,user_0122_abc,The Hazelnut Factory,4.3
1211,user_0122_abc,Calcutta Sweets,2.7
1212,user_0122_abc,Hashtag CafÃÂ©,4.5
1213,user_0122_abc,Knightriders Kitchen,4.2
1214,user_0122_abc,Sweet Luscious,4.2
1215,user_0122_abc,GPO Ke Thande Dahi Bade,3.9
1216,user_0122_abc,Royal Non Veg Point,3.3
1217,user_0122_abc,Raj Sweet House,4.1
1218,user_0122_abc,Pandit Chat Corner,2.9
1219,user_0122_abc,La Reine,3.8
1220,user_0123_abc,Rocky A to Z Chinese Point,4.1
1221,user_0123_abc,Hungry Singh,3.8
1222,user_0123_abc,Calcutta Sweets,3.6
1223,user_0123_abc,Open Air Restaurant,3.5
1224,user_0123_abc,Kanchan Sweets & Pasteries,4.3
1225,user_0123_abc,Bhole Chature,4.1
1226,user_0123_abc,Punjabi Tadka,4.0
1227,user_0123_abc,Vintage Village,2.8
1228,user_0123_abc,Cafe Infinity,3.0
1229,user_0123_abc,Al-baik.com,4.0
1230,user_0124_abc,Cafe Elaichi - A Pure Veg Desi Delight,4.3
1231,user_0124_abc,Falak Numa Restaurant - Hotel Clarks Avadh,4.5
1232,user_0124_abc,Cafe TC (Turquoise Cottage),4.2
1233,user_0124_abc,Mouth Wide Shut,4.5
1234,user_0124_abc,Cafe Coffee Day,4.9
1235,user_0124_abc,New Awadhi Biryani Corner,4.9
1236,user_0124_abc,Bhole's Chai Nashta Point,3.2
1237,user_0124_abc,Dilli Darbar,5.0
1238,user_0124_abc,Drunch - Skyotel,2.7
1239,user_0124_abc,Publique De Bistro & Cafe,3.3
1240,user_0125_abc,Calcutta Sweets,3.2
1241,user_0125_abc,"Acacia - Biriyani, Kebabs & Wraps",3.3
1242,user_0125_abc,Dreamy Delicacies,4.0
1243,user_0125_abc,Underdoggs Bar & Grill,3.9
1244,user_0125_abc,Saffron Spice,2.8
1245,user_0125_abc,The G.T. Road,4.6
1246,user_0125_abc,Mr.James,3.5
1247,user_0125_abc,Biryani Pack,3.0
1248,user_0125_abc,Bhukkhad.com,3.1
1249,user_0125_abc,07 Street Cafe & Choco Crush,2.8
1250,user_0126_abc,Desi kitchen,4.4
1251,user_0126_abc,The Emojis Food Junction,4.7
1252,user_0126_abc,Bombay Brasserie,3.5
1253,user_0126_abc,Lalla Biryani,4.1
1254,user_0126_abc,Raj Sweet House,4.4
1255,user_0126_abc,Rolling Pins,4.2
1256,user_0126_abc,Keventers,5.0
1257,user_0126_abc,Al-Bake.com,4.7
1258,user_0126_abc,Rocky A to Z Chinese Point,2.9
1259,user_0126_abc,Sation View Food Junction,5.0
1260,user_0127_abc,Aadab-e-Dastarkhwan,3.6
1261,user_0127_abc,Wood Smoked-Woodfired Pizza,4.2
1262,user_0127_abc,Bajrang Lassi Bhandar,4.5
1263,user_0127_abc,Aman Bhojnalay And Fast Food,2.6
1264,user_0127_abc,Ritz Continental Corner,4.0
1265,user_0127_abc,Grandson of Tunday Kababi,4.0
1266,user_0127_abc,Planters Tea Bar & Book Cafe,3.9
1267,user_0127_abc,Cafe Elaichi - A Pure Veg Desi Delight,3.7
1268,user_0127_abc,Veg Corner,3.2
1269,user_0127_abc,Good Bakery,3.0
1270,user_0128_abc,Jux Pux,3.3
1271,user_0128_abc,Cake 'n' Cafe,3.8
1272,user_0128_abc,Non Veg Corner & Veg Fast Food,5.0
1273,user_0128_abc,Ritz Continental Corner,5.0
1274,user_0128_abc,L 14 - Renaissance Lucknow Hotel,3.9
1275,user_0128_abc,Wings Of Fire,2.7
1276,user_0128_abc,Saraca- Lebua Lucknow,3.3
1277,user_0128_abc,Meal59,3.2
1278,user_0128_abc,The Archeria,3.2
1279,user_0128_abc,On High - Hotel Silvete,2.6
1280,user_0129_abc,Shivam Restaurant,2.7
1281,user_0129_abc,JJ Bakers,2.6
1282,user_0129_abc,Zafran-e-Awadh Restaurant,2.8
1283,user_0129_abc,Oudhyana - Taj Mahal,2.7
1284,user_0129_abc,The Terrace Grill - La Place Sarovar Portico,2.5
1285,user_0129_abc,"PASHUPATI ""Scoopers & LaReine""",3.0
1286,user_0129_abc,Camcook,4.5
1287,user_0129_abc,Jain Chat,5.0
1288,user_0129_abc,Class Bunk Cafe,3.0
1289,user_0129_abc,Sardar Ji Ke Mashoor Chhole Bhature - Punjabi Zaika,3.3
1290,user_0130_abc,Nepal Chinese Centre,2.8
1291,user_0130_abc,Hunger Hut,2.9
1292,user_0130_abc,Indulge,2.8
1293,user_0130_abc,Cafe TC (Turquoise Cottage),3.7
1294,user_0130_abc,Cake Wala,3.8
1295,user_0130_abc,Moti Mahal Delux,4.3
1296,user_0130_abc,The House Of Cakes,4.3
1297,user_0130_abc,BFF: Boisson Food Factory,4.2
1298,user_0130_abc,Ritz Continental,3.1
1299,user_0130_abc,Time For Food Bistro,2.8
1300,user_0131_abc,King of Chat,3.1
1301,user_0131_abc,Sunny Veg Corner,4.7
1302,user_0131_abc,Radhey Lal Premium Sweets,4.4
1303,user_0131_abc,Banarasiya,4.4
1304,user_0131_abc,Pizza King,4.5
1305,user_0131_abc,L 14 - Renaissance Lucknow Hotel,2.7
1306,user_0131_abc,Tastes Of Bengal,4.0
1307,user_0131_abc,Foodie Baba,4.9
1308,user_0131_abc,Arora Jee Da Khana Khazana,3.9
1309,user_0131_abc,Momos Of Nainital,2.8
1310,user_0132_abc,Mahesh's Mansarovar,4.4
1311,user_0132_abc,MIRCHI MOMOS,4.5
1312,user_0132_abc,The Pirates,3.0
1313,user_0132_abc,The Vegi Hub,4.2
1314,user_0132_abc,The Kalika Restaurant,2.6
1315,user_0132_abc,Sheroes Hangout,3.0
1316,user_0132_abc,Pirates of Grill,2.5
1317,user_0132_abc,Radhey Lal Sweets,4.8
1318,user_0132_abc,The Pavilion,2.6
1319,user_0132_abc,New Jone Hing Chinese Restaurant,3.0
1320,user_0133_abc,Shivam's Little India,3.9
1321,user_0133_abc,Hashtag CafÃÂ©,4.9
1322,user_0133_abc,D Pizza Club,5.1
1323,user_0133_abc,Aahaar,4.5
1324,user_0133_abc,Imperial Grill,4.4
1325,user_0133_abc,Chawlas 2,2.8
1326,user_0133_abc,The Pebbles Bistro & Bar,3.6
1327,user_0133_abc,Underdoggs Bar & Grill,4.1
1328,user_0133_abc,Tasty Khana,3.4
1329,user_0133_abc,Good Food,4.7
1330,user_0134_abc,Mast Bite,4.9
1331,user_0134_abc,Mughlai Dreamz,5.1
1332,user_0134_abc,Shivaay Food Court,4.0
1333,user_0134_abc,The Al-Baik,3.2
1334,user_0134_abc,Kareem Kababi,4.4
1335,user_0134_abc,Azad Dairy & Sweets,3.5
1336,user_0134_abc,Satte's Biryani Corner,4.0
1337,user_0134_abc,Jannat-Dayal Paradise,4.5
1338,user_0134_abc,Dining Delight,5.0
1339,user_0134_abc,Mast Banarasi Paan Family Parlour,4.3
1340,user_0135_abc,Cosme Multi Cuisine Restaurant,3.6
1341,user_0135_abc,Rashmi sweets,2.8
1342,user_0135_abc,The Archeria,3.9
1343,user_0135_abc,Panchvati Sweets,4.3
1344,user_0135_abc,Adam's Club,2.9
1345,user_0135_abc,Kitchen 99,4.0
1346,user_0135_abc,Prashadam,3.8
1347,user_0135_abc,Desi Lounge,4.3
1348,user_0135_abc,The Centurion,2.8
1349,user_0135_abc,Khushi Fast Food Center,5.0
1350,user_0136_abc,Tanisha Restaurant,4.7
1351,user_0136_abc,Mast Banarasi Paan Family Parlour,4.1
1352,user_0136_abc,Xoxo Ice Cream And Snacks Corner,3.7
1353,user_0136_abc,Khatirdari Multicuisine Restaurant,4.6
1354,user_0136_abc,Altitude - Radisson Lucknow City Center,3.4
1355,user_0136_abc,C'Cafe Hut,3.4
1356,user_0136_abc,Ice N Spice,4.5
1357,user_0136_abc,Sharma Chai,3.9
1358,user_0136_abc,Aadab-e-Dastarkhwan,3.3
1359,user_0136_abc,Al-Baike Restaurant,2.7
1360,user_0137_abc,Grilled Box,4.1
1361,user_0137_abc,JUG-MUG CAFE,2.6
1362,user_0137_abc,Samurai Hunger,2.9
1363,user_0137_abc,BFF: Boisson Food Factory,4.0
1364,user_0137_abc,Nanaks Muskaan Mithai Bhandar,2.7
1365,user_0137_abc,Coffee & Cakes - Renaissance Lucknow Hotel,3.1
1366,user_0137_abc,Zaika by Gemini Continental Hotel,4.9
1367,user_0137_abc,Yadav Khasta & Vada,4.0
1368,user_0137_abc,Break Point Dhaba,3.6
1369,user_0137_abc,Munick Bistro & Bar,4.7
1370,user_0138_abc,Baskin Robbins,3.0
1371,user_0138_abc,Ritz Continental,4.3
1372,user_0138_abc,Aadab- Dayal Paradise,4.2
1373,user_0138_abc,Arabecue,2.7
1374,user_0138_abc,Punjab De Mashoor Chole Bhature,3.7
1375,user_0138_abc,Kolkata Dining,3.2
1376,user_0138_abc,Dreamz Food & Hukka Point,3.9
1377,user_0138_abc,Gupta Burger Centre,4.9
1378,user_0138_abc,Cafe WTF,4.0
1379,user_0138_abc,Sweet Luscious,3.0
1380,user_0139_abc,Sheesha Moroccan Lounge - Deep Palace,3.4
1381,user_0139_abc,Curry On,4.7
1382,user_0139_abc,The Bon Bon Bakers,4.1
1383,user_0139_abc,Billu Tandooria,4.2
1384,user_0139_abc,Kalika Choolha,2.7
1385,user_0139_abc,Prakash Ki Mashoor Kulfi,3.0
1386,user_0139_abc,Tunday Kababi,4.2
1387,user_0139_abc,Ananya Restaurant,2.9
1388,user_0139_abc,Oudhyana - Taj Mahal,2.8
1389,user_0139_abc,Vindeez Restaurant,3.0
1390,user_0140_abc,Dining Delight,4.3
1391,user_0140_abc,Raj & Raj,3.9
1392,user_0140_abc,CafÃÂ© One 'O' One,3.3
1393,user_0140_abc,Vintage Village,2.8
1394,user_0140_abc,UP's - Hyatt Regency Lucknow,4.0
1395,user_0140_abc,Punjabi Tadka,3.9
1396,user_0140_abc,Zakir Restaurant,4.4
1397,user_0140_abc,Daal Chawal,2.8
1398,user_0140_abc,Blue Bell sweets,4.5
1399,user_0140_abc,Sardar Ji Ke Mashoor Chhole Bhature,2.9
1400,user_0141_abc,The Manish Eating Point,3.2
1401,user_0141_abc,Rajwada Bhog,5.0
1402,user_0141_abc,Jeewan Saathi Restaurant,4.8
1403,user_0141_abc,Groove- SS Grandeur Hotel,3.9
1404,user_0141_abc,Mint Lounge - Hotel Arif Castles,3.4
1405,user_0141_abc,Al Baike.cook,3.5
1406,user_0141_abc,Spicy Kitchen,5.1
1407,user_0141_abc,Vegetariya,3.9
1408,user_0141_abc,Shree Rajbhog,4.0
1409,user_0141_abc,Raina's Kitchen,2.6
1410,user_0142_abc,The Food Oasis,5.0
1411,user_0142_abc,Hot Platter,5.0
1412,user_0142_abc,Jannat-Dayal Paradise,2.9
1413,user_0142_abc,Good Kitchen,3.0
1414,user_0142_abc,Baati Chokha,3.2
1415,user_0142_abc,Wadhwa Bakers,3.7
1416,user_0142_abc,Open Air Restaurant,4.0
1417,user_0142_abc,Panditji Ke Dehati Rasgulle,3.2
1418,user_0142_abc,Kali Mirch,4.2
1419,user_0142_abc,Sher-e-Punjab,3.5
1420,user_0143_abc,Raj Luxmi,3.6
1421,user_0143_abc,Cosme Multi Cuisine Restaurant - Hotel Levana Suites,2.8
1422,user_0143_abc,Punjab De Mashoor Chole Bhature,3.1
1423,user_0143_abc,Kanchan Sweets & Pasteries,4.7
1424,user_0143_abc,Steward Foods,3.3
1425,user_0143_abc,Foodie Baba,2.5
1426,user_0143_abc,Free Spirit,4.4
1427,user_0143_abc,Wahid Biryani,2.9
1428,user_0143_abc,Chuck Bungalow,3.9
1429,user_0143_abc,Saqi- Taj Mahal,4.8
1430,user_0144_abc,Shivom Mithai Shop,4.5
1431,user_0144_abc,Daddy Chicken Soup,3.8
1432,user_0144_abc,Baskin Robbins,2.9
1433,user_0144_abc,Bala Ji Ka Dhaba,5.0
1434,user_0144_abc,Mr. Brown,3.4
1435,user_0144_abc,Krishn Bhog,3.6
1436,user_0144_abc,Tamil Nadu Dosa,3.2
1437,user_0144_abc,Wise Choice Restaurant & Lounge,3.0
1438,user_0144_abc,Arabecue,3.7
1439,user_0144_abc,Adam's Club,5.0
1440,user_0145_abc,Zafar Alam Muradabadi Chicken Biryani,4.1
1441,user_0145_abc,Purab Pashchim Restaurant,4.3
1442,user_0145_abc,MIRCHI MOMOS,3.8
1443,user_0145_abc,Siyaram Sweets,4.7
1444,user_0145_abc,Pind Balluchi the village restaurant & Bar,4.1
1445,user_0145_abc,Rooftop Bar - Novotel,2.7
1446,user_0145_abc,Baked Brown,3.3
1447,user_0145_abc,Eiffel Cafe,3.5
1448,user_0145_abc,ARMA - The Lounge And Game Station,4.2
1449,user_0145_abc,Naughty Foods,3.3
1450,user_0146_abc,Packing Shacking,3.4
1451,user_0146_abc,Sahu Kathi Chicken Egg Roll Wala,3.8
1452,user_0146_abc,Martini Lounge & Fine Dine,3.7
1453,user_0146_abc,Shree Ram Ram Restaurant,2.6
1454,user_0146_abc,Bismillah Biryani,3.9
1455,user_0146_abc,The Eating Booth,4.4
1456,user_0146_abc,Manish Eating Point,4.3
1457,user_0146_abc,The Thickshake Factory,2.7
1458,user_0146_abc,Al-Baik.com,3.2
1459,user_0146_abc,Sharma's Restaurant,3.4
1460,user_0147_abc,The Concept-Headquarters,3.0
1461,user_0147_abc,Shri Balaji Dhaba,3.8
1462,user_0147_abc,Domino's Pizza,3.6
1463,user_0147_abc,Biryani Pack,2.6
1464,user_0147_abc,Chhappan Bhog,3.1
1465,user_0147_abc,Laddoo Chanakya,2.7
1466,user_0147_abc,Burma Biscuit Company,4.4
1467,user_0147_abc,Daal Chawal,2.9
1468,user_0147_abc,Dreamz Food & Hukka Point,4.6
1469,user_0147_abc,The Pizza Dine,3.2
1470,user_0148_abc,Al-Baik.co.in,4.8
1471,user_0148_abc,The Golden Treat,2.8
1472,user_0148_abc,Dahi Bada Guys,3.1
1473,user_0148_abc,Cheenu's Kitchen,4.3
1474,user_0148_abc,Smoked,2.6
1475,user_0148_abc,Golden Court,4.1
1476,user_0148_abc,Purab Pashchim Restaurant,3.5
1477,user_0148_abc,Sharma's Restaurant,2.8
1478,user_0148_abc,L 14 - Renaissance Lucknow Hotel,4.6
1479,user_0148_abc,Good Food,4.9
1480,user_0149_abc,Curry On,3.9
1481,user_0149_abc,Golden Court,4.2
1482,user_0149_abc,Net Ram Mithai,3.2
1483,user_0149_abc,Azad Dairy & Sweets,3.0
1484,user_0149_abc,The Cherry Tree Cafe,4.3
1485,user_0149_abc,Cheenu's Kitchen,4.2
1486,user_0149_abc,Coffee Culture,3.2
1487,user_0149_abc,Lucknowkitchen.in,2.9
1488,user_0149_abc,Daddy Chicken Soup,2.7
1489,user_0149_abc,Khatir Restaurant,4.3
1490,user_0150_abc,Kareem's,3.9
1491,user_0150_abc,Boons Restaurant,2.8
1492,user_0150_abc,Burger Beans,3.3
1493,user_0150_abc,The Bridge - Sapna Clarks Inn,4.5
1494,user_0150_abc,Cheer Peer - The Metropolitan Club,2.9
1495,user_0150_abc,Radheylal Parampara Sweets,4.4
1496,user_0150_abc,Shivam's Little India,5.1
1497,user_0150_abc,Baba Ka Dhaba,4.1
1498,user_0150_abc,Meal59,4.4
1499,user_0150_abc,Bajpayee Kachodi Bhandar,5.0
